CropName;Province;Area;Production
Barley;Punjab;230;68
Barley;Punjab;336;123
Barley;Punjab;277;90
Barley;Punjab;256;79
Barley;Punjab;253;64
Barley;Punjab;267;52
Barley;Punjab;300;79
Barley;Punjab;287;57
Barley;Punjab;259;61.9
Barley;Punjab;266;68
Barley;Punjab;287;84.2
Barley;Punjab;287;72.3
Barley;Punjab;340;61
Barley;Punjab;268;73
Barley;Punjab;270;68
Barley;Punjab;280;71.4
Barley;Punjab;259;64.7
Barley;Punjab;231;70.3
Barley;Punjab;184;43.6
Barley;Punjab;214;51.6
Barley;Punjab;241;64.8
Barley;Punjab;205;55.6
Barley;Punjab;202;57
Barley;Punjab;176.93;46.7
Barley;Punjab;193.98;51.8
Barley;Punjab;245.13;64.8
Barley;Punjab;280.96;75.8
Barley;Punjab;258.97;74
Barley;Punjab;244.89;68.8
Barley;Punjab;222.15;64.5
Barley;Punjab;192.99;55.4
Barley;Punjab;221.9;65.1
Barley;Punjab;192.99;59.8
Barley;Punjab;438.87;112.5
Barley;Punjab;315.07;85.7
Barley;Punjab;335.82;90
Barley;Punjab;189.29;55
Barley;Punjab;162.6;45.7
Barley;Punjab;173.72;49.8
Barley;Punjab;151.23;43.9
Barley;Punjab;117.87;35.1
Barley;Punjab;135.91;39.7
Barley;Punjab;122.07;37.4
Barley;Punjab;113.42;34.9
Barley;Punjab;97.61;31.9
Barley;Punjab;95.63;31.1
Barley;Punjab;89.45;29.4
Barley;Punjab;100.08;34.6
Barley;Punjab;103.79;36.3
Barley;Punjab;94.89;33.9
Barley;Punjab;98.84;41.8
Barley;Punjab;90.44;36.9
Barley;Punjab;88.22;39.5
Barley;Punjab;79.08;32.8
Barley;Punjab;86.98;33.7
Barley;Punjab;98.6;38.4
Barley;Punjab;92.91;35.8
Barley;Punjab;88.71;35.2
Barley;Punjab;85.99;32
Barley;Punjab;91.43;34.6
Barley;Punjab;81.05;28.9
Barley;Punjab;81.55;30.4
Barley;Punjab;77.59;28.2
Barley;Punjab;63.26;24.7
Barley;Punjab;56.59;20
Barley;Punjab;62.02;22.5
Barley;Punjab;59.31;21.7
Barley;Punjab;59.8;20.8
Barley;Punjab;57.08;20.1
Barley;Punjab;53.13;20.1
Barley;Punjab;51.4;19
Barley;Punjab;48.19;17.7
Barley;Punjab;31;12.63
Barley;Sindh;22;3
Barley;Sindh;32;8
Barley;Sindh;33;6
Barley;Sindh;29;7
Barley;Sindh;18;4
Barley;Sindh;19;5
Barley;Sindh;20;4
Barley;Sindh;19;2
Barley;Sindh;24;5.2
Barley;Sindh;24;4.1
Barley;Sindh;19;6.5
Barley;Sindh;22;4
Barley;Sindh;24;4
Barley;Sindh;15;4
Barley;Sindh;20;5
Barley;Sindh;21;7.9
Barley;Sindh;13;6.1
Barley;Sindh;25;9.9
Barley;Sindh;27;7.4
Barley;Sindh;27;7
Barley;Sindh;31;7.8
Barley;Sindh;33;8.3
Barley;Sindh;32;8
Barley;Sindh;27.92;6.1
Barley;Sindh;22.49;4.7
Barley;Sindh;29.65;6.3
Barley;Sindh;43.99;9.4
Barley;Sindh;34.6;6.9
Barley;Sindh;42.75;8.8
Barley;Sindh;49.17;10.1
Barley;Sindh;53.87;11.2
Barley;Sindh;50.9;10.8
Barley;Sindh;46.46;9.7
Barley;Sindh;32.37;7
Barley;Sindh;45.72;9.9
Barley;Sindh;50.66;10.9
Barley;Sindh;65.73;13.7
Barley;Sindh;62.77;13
Barley;Sindh;62.77;13
Barley;Sindh;61.04;12.6
Barley;Sindh;63.75;12.9
Barley;Sindh;62.52;12.9
Barley;Sindh;59.31;12.1
Barley;Sindh;60.29;12.3
Barley;Sindh;59.31;12.3
Barley;Sindh;59.55;12.5
Barley;Sindh;58.32;10.8
Barley;Sindh;61.53;12.2
Barley;Sindh;58.57;11.4
Barley;Sindh;54.86;11.3
Barley;Sindh;55.11;11.4
Barley;Sindh;56.59;11.4
Barley;Sindh;58.81;13
Barley;Sindh;40.28;8.9
Barley;Sindh;34.84;6.4
Barley;Sindh;33.36;5.8
Barley;Sindh;25.45;4.4
Barley;Sindh;19.03;3.4
Barley;Sindh;16.06;2.9
Barley;Sindh;19.03;4.2
Barley;Sindh;20.26;4.4
Barley;Sindh;16.06;3.6
Barley;Sindh;18.53;4.3
Barley;Sindh;28.66;6.9
Barley;Sindh;22.49;5.4
Barley;Sindh;20.76;5.1
Barley;Sindh;21.5;5.3
Barley;Sindh;20.26;5
Barley;Sindh;20.51;5.2
Barley;Sindh;18.78;4.7
Barley;Sindh;18.78;5
Barley;Sindh;18.78;5
Barley;Sindh;14.33;3.6
Barley;Khyber Pakhtunkhua;156;39
Barley;Khyber Pakhtunkhua;199;43
Barley;Khyber Pakhtunkhua;176;49
Barley;Khyber Pakhtunkhua;136;42
Barley;Khyber Pakhtunkhua;155;30
Barley;Khyber Pakhtunkhua;192;34
Barley;Khyber Pakhtunkhua;189;42
Barley;Khyber Pakhtunkhua;137;34
Barley;Khyber Pakhtunkhua;160;53.3
Barley;Khyber Pakhtunkhua;151;34.7
Barley;Khyber Pakhtunkhua;165;54.8
Barley;Khyber Pakhtunkhua;166;76.6
Barley;Khyber Pakhtunkhua;175;70
Barley;Khyber Pakhtunkhua;162;39
Barley;Khyber Pakhtunkhua;161;40
Barley;Khyber Pakhtunkhua;171;40.6
Barley;Khyber Pakhtunkhua;154;33.9
Barley;Khyber Pakhtunkhua;184;32.6
Barley;Khyber Pakhtunkhua;158;29.5
Barley;Khyber Pakhtunkhua;144;26.8
Barley;Khyber Pakhtunkhua;140;31.4
Barley;Khyber Pakhtunkhua;125;28.7
Barley;Khyber Pakhtunkhua;151;38
Barley;Khyber Pakhtunkhua;131.96;35.6
Barley;Khyber Pakhtunkhua;152.96;42.3
Barley;Khyber Pakhtunkhua;120.34;35
Barley;Khyber Pakhtunkhua;153.95;45.6
Barley;Khyber Pakhtunkhua;171;52.7
Barley;Khyber Pakhtunkhua;154.69;48.3
Barley;Khyber Pakhtunkhua;153.7;47.4
Barley;Khyber Pakhtunkhua;154.2;51
Barley;Khyber Pakhtunkhua;151.48;49.7
Barley;Khyber Pakhtunkhua;135.17;43.6
Barley;Khyber Pakhtunkhua;156.42;52.2
Barley;Khyber Pakhtunkhua;169.52;56.9
Barley;Khyber Pakhtunkhua;188.3;62.8
Barley;Khyber Pakhtunkhua;210.78;62.1
Barley;Khyber Pakhtunkhua;211.03;62.2
Barley;Khyber Pakhtunkhua;197.19;60.1
Barley;Khyber Pakhtunkhua;202.63;64.3
Barley;Khyber Pakhtunkhua;149.25;52
Barley;Khyber Pakhtunkhua;149.75;52.1
Barley;Khyber Pakhtunkhua;150.49;59
Barley;Khyber Pakhtunkhua;153.21;64.8
Barley;Khyber Pakhtunkhua;146.78;63
Barley;Khyber Pakhtunkhua;146.54;63.2
Barley;Khyber Pakhtunkhua;142.09;59.3
Barley;Khyber Pakhtunkhua;147.77;61.5
Barley;Khyber Pakhtunkhua;145.3;62.1
Barley;Khyber Pakhtunkhua;141.35;58.6
Barley;Khyber Pakhtunkhua;134.92;59.7
Barley;Khyber Pakhtunkhua;119.6;49.2
Barley;Khyber Pakhtunkhua;116.39;46.3
Barley;Khyber Pakhtunkhua;108.48;32.9
Barley;Khyber Pakhtunkhua;99.09;34.7
Barley;Khyber Pakhtunkhua;82.04;30.6
Barley;Khyber Pakhtunkhua;81.3;32.9
Barley;Khyber Pakhtunkhua;79.57;32.7
Barley;Khyber Pakhtunkhua;81.05;33.5
Barley;Khyber Pakhtunkhua;79.32;32.7
Barley;Khyber Pakhtunkhua;80.31;31.9
Barley;Khyber Pakhtunkhua;75.37;27.5
Barley;Khyber Pakhtunkhua;73.14;26
Barley;Khyber Pakhtunkhua;67.71;23.7
Barley;Khyber Pakhtunkhua;66.47;23.1
Barley;Khyber Pakhtunkhua;64.99;22.8
Barley;Khyber Pakhtunkhua;60.79;21.9
Barley;Khyber Pakhtunkhua;57.82;21.1
Barley;Khyber Pakhtunkhua;57.58;20.3
Barley;Khyber Pakhtunkhua;51.15;18.5
Barley;Khyber Pakhtunkhua;47.94;17.9
Barley;Khyber Pakhtunkhua;47.45;17.9
Barley;Khyber Pakhtunkhua;48.19;17.4
Barley;Balochistan;7;1
Barley;Balochistan;6;1
Barley;Balochistan;11;1
Barley;Balochistan;8;1
Barley;Balochistan;5;1
Barley;Balochistan;6;1
Barley;Balochistan;9;2
Barley;Balochistan;7;11
Barley;Balochistan;8;5.6
Barley;Balochistan;12;7.2
Barley;Balochistan;14;11.5
Barley;Balochistan;15;5.1
Barley;Balochistan;27;2
Barley;Balochistan;17;2
Barley;Balochistan;10;1
Barley;Balochistan;13;2.1
Barley;Balochistan;10;4.3
Barley;Balochistan;18;3.2
Barley;Balochistan;13;1.5
Barley;Balochistan;15;1.6
Barley;Balochistan;17;2
Barley;Balochistan;22;2.4
Barley;Balochistan;14;4
Barley;Balochistan;11.12;3
Barley;Balochistan;18.04;4.1
Barley;Balochistan;11.12;2.8
Barley;Balochistan;26.93;8.7
Barley;Balochistan;14.09;3.5
Barley;Balochistan;16.31;4.2
Barley;Balochistan;5.68;1.6
Barley;Balochistan;10.87;3
Barley;Balochistan;14.83;3.7
Barley;Balochistan;19.03;5
Barley;Balochistan;13.34;3.8
Barley;Balochistan;17.3;5
Barley;Balochistan;75.37;21.6
Barley;Balochistan;28.17;8.7
Barley;Balochistan;33.11;10.7
Barley;Balochistan;32.87;10.8
Barley;Balochistan;35.58;13.4
Barley;Balochistan;27.43;11.8
Barley;Balochistan;43.99;17.8
Barley;Balochistan;50.41;22.8
Barley;Balochistan;60.54;30
Barley;Balochistan;64.5;32.7
Barley;Balochistan;92.42;51.5
Barley;Balochistan;82.29;46.2
Barley;Balochistan;98.35;55.7
Barley;Balochistan;116.39;64.6
Barley;Balochistan;84.76;46.2
Barley;Balochistan;113.18;61.2
Barley;Balochistan;72.4;39.9
Barley;Balochistan;42.01;18.7
Barley;Balochistan;51.4;24.3
Barley;Balochistan;52.39;25
Barley;Balochistan;52.14;24.8
Barley;Balochistan;51.4;24.5
Barley;Balochistan;43.24;20.4
Barley;Balochistan;39.04;19.1
Barley;Balochistan;42.5;21.2
Barley;Balochistan;43.49;22.2
Barley;Balochistan;39.54;20
Barley;Balochistan;38.55;12.9
Barley;Balochistan;30.89;15.9
Barley;Balochistan;32.87;17.2
Barley;Balochistan;32.87;16.8
Barley;Balochistan;33.61;17.6
Barley;Balochistan;29.9;15.9
Barley;Balochistan;28.17;15
Barley;Balochistan;27.43;14.7
Barley;Balochistan;26.19;14.2
Barley;Balochistan;16.31;14.3
Barley;Balochistan;23.97;12.6
Groundnut;Punjab;1;0
Groundnut;Punjab;0;0
Groundnut;Punjab;0;0
Groundnut;Punjab;0;0
Groundnut;Punjab;0;0
Groundnut;Punjab;0;0
Groundnut;Punjab;0;0
Groundnut;Punjab;1;0
Groundnut;Punjab;3;1
Groundnut;Punjab;5;2
Groundnut;Punjab;10;3
Groundnut;Punjab;7;3
Groundnut;Punjab;7;3
Groundnut;Punjab;26;15
Groundnut;Punjab;24;14
Groundnut;Punjab;25;14
Groundnut;Punjab;35;16
Groundnut;Punjab;37;15
Groundnut;Punjab;50;24
Groundnut;Punjab;76;41
Groundnut;Punjab;115;67
Groundnut;Punjab;76;46
Groundnut;Punjab;96;56
Groundnut;Punjab;67.96;39.6
Groundnut;Punjab;95.14;52.4
Groundnut;Punjab;69.93;39.2
Groundnut;Punjab;86.74;49
Groundnut;Punjab;93.65;52.5
Groundnut;Punjab;98.1;55.1
Groundnut;Punjab;101.81;57.6
Groundnut;Punjab;113.67;64.6
Groundnut;Punjab;78.58;37.5
Groundnut;Punjab;89.7;42.9
Groundnut;Punjab;104.28;50.1
Groundnut;Punjab;136.16;64.3
Groundnut;Punjab;151.23;70.4
Groundnut;Punjab;154.94;71.3
Groundnut;Punjab;124.79;54.5
Groundnut;Punjab;115.4;49.3
Groundnut;Punjab;130.23;57.7
Groundnut;Punjab;136.16;34.1
Groundnut;Punjab;141.84;60.2
Groundnut;Punjab;167.05;61.3
Groundnut;Punjab;171.74;68.1
Groundnut;Punjab;183.6;72
Groundnut;Punjab;199.91;78.9
Groundnut;Punjab;187.31;69.5
Groundnut;Punjab;200.9;80.8
Groundnut;Punjab;212.27;85.9
Groundnut;Punjab;212.27;86.7
Groundnut;Punjab;224.87;84
Groundnut;Punjab;196.45;74
Groundnut;Punjab;187.06;72.4
Groundnut;Punjab;164.08;67.4
Groundnut;Punjab;212.76;80
Groundnut;Punjab;183.6;71.1
Groundnut;Punjab;221.66;94.3
Groundnut;Punjab;234.01;58.5
Groundnut;Punjab;202.14;49.9
Groundnut;Punjab;205.6;57.6
Groundnut;Punjab;210.54;67.4
Groundnut;Punjab;204.61;69
Groundnut;Punjab;192.99;38.6
Groundnut;Punjab;179.9;51.6
Groundnut;Punjab;216.96;77.4
Groundnut;Punjab;183.85;71.7
Groundnut;Punjab;212.76;90
Groundnut;Punjab;220.42;76.8
Groundnut;Punjab;207.57;80.6
Groundnut;Punjab;205.6;63.7
Groundnut;Punjab;229.32;78.7
Groundnut;Punjab;229.64;90.67
Groundnut;Punjab;236.77;86.42
Groundnut;Sindh;0;0
Groundnut;Sindh;0;0
Groundnut;Sindh;6;1
Groundnut;Sindh;1;0
Groundnut;Sindh;1;0
Groundnut;Sindh;1;1
Groundnut;Sindh;1;1
Groundnut;Sindh;2;1
Groundnut;Sindh;1;1
Groundnut;Sindh;1;1
Groundnut;Sindh;1;1
Groundnut;Sindh;2;1
Groundnut;Sindh;1;1
Groundnut;Sindh;1;1
Groundnut;Sindh;1;1
Groundnut;Sindh;2;0
Groundnut;Sindh;1;0
Groundnut;Sindh;1;1
Groundnut;Sindh;2;1
Groundnut;Sindh;2;1
Groundnut;Sindh;5;3
Groundnut;Sindh;5;3
Groundnut;Sindh;4;2
Groundnut;Sindh;3.95;3.1
Groundnut;Sindh;3.71;2.8
Groundnut;Sindh;3.95;3
Groundnut;Sindh;4.2;3
Groundnut;Sindh;3.21;2.4
Groundnut;Sindh;3.46;2.5
Groundnut;Sindh;3.46;2.5
Groundnut;Sindh;3.21;2.4
Groundnut;Sindh;3.71;2.8
Groundnut;Sindh;3.95;2.8
Groundnut;Sindh;3.95;2.9
Groundnut;Sindh;3.21;2.4
Groundnut;Sindh;7.91;5.8
Groundnut;Sindh;7.91;5.9
Groundnut;Sindh;7.91;5.9
Groundnut;Sindh;7.91;5.9
Groundnut;Sindh;7.91;6
Groundnut;Sindh;9.39;6.6
Groundnut;Sindh;9.14;6.5
Groundnut;Sindh;9.88;6.8
Groundnut;Sindh;10.13;7
Groundnut;Sindh;11.37;8
Groundnut;Sindh;8.65;5.5
Groundnut;Sindh;8.65;6.6
Groundnut;Sindh;8.9;6.8
Groundnut;Sindh;8.9;6.8
Groundnut;Sindh;8.15;6.4
Groundnut;Sindh;8.4;6.5
Groundnut;Sindh;8.9;6.9
Groundnut;Sindh;5.44;4.2
Groundnut;Sindh;5.44;4.1
Groundnut;Sindh;4.7;3.7
Groundnut;Sindh;4.45;3.4
Groundnut;Sindh;8.9;6.5
Groundnut;Sindh;3.95;3.2
Groundnut;Sindh;5.44;4.6
Groundnut;Sindh;3.71;3
Groundnut;Sindh;5.19;4.5
Groundnut;Sindh;5.44;4.7
Groundnut;Sindh;5.44;4.8
Groundnut;Sindh;5.68;5
Groundnut;Sindh;0.25;0.1
Groundnut;Sindh;0.25;0.1
Groundnut;Sindh;1.24;1.2
Groundnut;Sindh;1.48;1.2
Groundnut;Sindh;1.48;1.2
Groundnut;Sindh;1.48;1.2
Groundnut;Sindh;1.48;1.2
Groundnut;Sindh;1.48;1.2
Groundnut;Sindh;1.48;1.2
Groundnut;Khyber Pakhtunkhua;0;0
Groundnut;Khyber Pakhtunkhua;0;0
Groundnut;Khyber Pakhtunkhua;0;0
Groundnut;Khyber Pakhtunkhua;0;0
Groundnut;Khyber Pakhtunkhua;0;0
Groundnut;Khyber Pakhtunkhua;0;0
Groundnut;Khyber Pakhtunkhua;0;0
Groundnut;Khyber Pakhtunkhua;0;0
Groundnut;Khyber Pakhtunkhua;0;0
Groundnut;Khyber Pakhtunkhua;0;0
Groundnut;Khyber Pakhtunkhua;0;0
Groundnut;Khyber Pakhtunkhua;0;0
Groundnut;Khyber Pakhtunkhua;0;0
Groundnut;Khyber Pakhtunkhua;1;0
Groundnut;Khyber Pakhtunkhua;2;0
Groundnut;Khyber Pakhtunkhua;3;0
Groundnut;Khyber Pakhtunkhua;3;1
Groundnut;Khyber Pakhtunkhua;3;4
Groundnut;Khyber Pakhtunkhua;6;4
Groundnut;Khyber Pakhtunkhua;6;4
Groundnut;Khyber Pakhtunkhua;5;3
Groundnut;Khyber Pakhtunkhua;5;3
Groundnut;Khyber Pakhtunkhua;5;3
Groundnut;Khyber Pakhtunkhua;2.97;2
Groundnut;Khyber Pakhtunkhua;2.72;2
Groundnut;Khyber Pakhtunkhua;2.72;2
Groundnut;Khyber Pakhtunkhua;2.97;2.1
Groundnut;Khyber Pakhtunkhua;3.21;2.2
Groundnut;Khyber Pakhtunkhua;6.18;4
Groundnut;Khyber Pakhtunkhua;6.18;4
Groundnut;Khyber Pakhtunkhua;8.4;5.4
Groundnut;Khyber Pakhtunkhua;7.91;5.2
Groundnut;Khyber Pakhtunkhua;7.17;4.6
Groundnut;Khyber Pakhtunkhua;6.67;4.4
Groundnut;Khyber Pakhtunkhua;8.15;5.5
Groundnut;Khyber Pakhtunkhua;12.11;7.9
Groundnut;Khyber Pakhtunkhua;16.56;10.8
Groundnut;Khyber Pakhtunkhua;13.34;8.7
Groundnut;Khyber Pakhtunkhua;12.36;7.9
Groundnut;Khyber Pakhtunkhua;17.05;11.3
Groundnut;Khyber Pakhtunkhua;18.78;11.4
Groundnut;Khyber Pakhtunkhua;17.3;10.9
Groundnut;Khyber Pakhtunkhua;21;13.6
Groundnut;Khyber Pakhtunkhua;22.24;14.3
Groundnut;Khyber Pakhtunkhua;24.71;16.1
Groundnut;Khyber Pakhtunkhua;25.7;16.7
Groundnut;Khyber Pakhtunkhua;31.38;19.8
Groundnut;Khyber Pakhtunkhua;28.91;18.1
Groundnut;Khyber Pakhtunkhua;31.63;20.1
Groundnut;Khyber Pakhtunkhua;38.55;24.3
Groundnut;Khyber Pakhtunkhua;33.36;21.9
Groundnut;Khyber Pakhtunkhua;35.58;23.1
Groundnut;Khyber Pakhtunkhua;36.08;22.5
Groundnut;Khyber Pakhtunkhua;31.88;19.8
Groundnut;Khyber Pakhtunkhua;28.17;17.3
Groundnut;Khyber Pakhtunkhua;25.45;15.6
Groundnut;Khyber Pakhtunkhua;22.49;13.9
Groundnut;Khyber Pakhtunkhua;23.48;14.7
Groundnut;Khyber Pakhtunkhua;23.97;14.6
Groundnut;Khyber Pakhtunkhua;21.75;13.3
Groundnut;Khyber Pakhtunkhua;18.53;11.5
Groundnut;Khyber Pakhtunkhua;19.27;11.8
Groundnut;Khyber Pakhtunkhua;17.54;9.8
Groundnut;Khyber Pakhtunkhua;19.27;11.2
Groundnut;Khyber Pakhtunkhua;19.03;10.4
Groundnut;Khyber Pakhtunkhua;17.79;9.5
Groundnut;Khyber Pakhtunkhua;17.79;9.6
Groundnut;Khyber Pakhtunkhua;16.06;8
Groundnut;Khyber Pakhtunkhua;18.04;9.9
Groundnut;Khyber Pakhtunkhua;18.04;9.9
Groundnut;Khyber Pakhtunkhua;14.09;6.2
Groundnut;Khyber Pakhtunkhua;12.6;5.4
Groundnut;Khyber Pakhtunkhua;16.06;6.9
Groundnut;Balochistan;0;0
Groundnut;Balochistan;0;0
Groundnut;Balochistan;0;0
Groundnut;Balochistan;0;0
Groundnut;Balochistan;0;0
Groundnut;Balochistan;0;0
Groundnut;Balochistan;0;0
Groundnut;Balochistan;0;0
Groundnut;Balochistan;0;0
Groundnut;Balochistan;0;0
Groundnut;Balochistan;0;0
Groundnut;Balochistan;0;0
Groundnut;Balochistan;0;0
Groundnut;Balochistan;0;0
Groundnut;Balochistan;0;0
Groundnut;Balochistan;0;0
Groundnut;Balochistan;0;0
Groundnut;Balochistan;0;0
Groundnut;Balochistan;0;0
Groundnut;Balochistan;0;0
Groundnut;Balochistan;0;0
Groundnut;Balochistan;0;0
Groundnut;Balochistan;0;0
Groundnut;Balochistan;0;0
Groundnut;Balochistan;0;0
Groundnut;Balochistan;0;0
Groundnut;Balochistan;0;0
Groundnut;Balochistan;0;0
Groundnut;Balochistan;0;0
Groundnut;Balochistan;0;0
Groundnut;Balochistan;0;0
Groundnut;Balochistan;0;0
Groundnut;Balochistan;0;0
Groundnut;Balochistan;0;0
Groundnut;Balochistan;0;0
Groundnut;Balochistan;0;0
Groundnut;Balochistan;0;0
Groundnut;Balochistan;0;0
Groundnut;Balochistan;0;0
Groundnut;Balochistan;0;0
Groundnut;Balochistan;0;0
Groundnut;Balochistan;0;0
Groundnut;Balochistan;0;0
Groundnut;Balochistan;0;0
Groundnut;Balochistan;0;0
Groundnut;Balochistan;0;0
Groundnut;Balochistan;0;0
Groundnut;Balochistan;0;0
Groundnut;Balochistan;0;0
Groundnut;Balochistan;0;0
Groundnut;Balochistan;0;0
Groundnut;Balochistan;0;0
Groundnut;Balochistan;0;0
Groundnut;Balochistan;0;0
Groundnut;Balochistan;0;0
Groundnut;Balochistan;0;0
Groundnut;Balochistan;0;0
Groundnut;Balochistan;0;0
Groundnut;Balochistan;0;0
Groundnut;Balochistan;0;0
Groundnut;Balochistan;0;0
Groundnut;Balochistan;0;0
Groundnut;Balochistan;0;0
Groundnut;Balochistan;0;0
Groundnut;Balochistan;0;0
Groundnut;Balochistan;0;0
Groundnut;Balochistan;0;0
Groundnut;Balochistan;0;0
Groundnut;Balochistan;0;0
Groundnut;Balochistan;0;0
Groundnut;Balochistan;0;0
Groundnut;Balochistan;0;0
Groundnut;Balochistan;0;0
Maize;Punjab;417;165
Maize;Punjab;444;171
Maize;Punjab;477;187
Maize;Punjab;438;159
Maize;Punjab;446;157
Maize;Punjab;463;153
Maize;Punjab;545;221
Maize;Punjab;520;204
Maize;Punjab;518;208
Maize;Punjab;518;218
Maize;Punjab;535;207
Maize;Punjab;572;240
Maize;Punjab;618;233
Maize;Punjab;588;202
Maize;Punjab;569;231
Maize;Punjab;568;239
Maize;Punjab;593;240
Maize;Punjab;580;243
Maize;Punjab;570;213
Maize;Punjab;616;255
Maize;Punjab;713;388
Maize;Punjab;692;305
Maize;Punjab;742;318
Maize;Punjab;725.02;343.4
Maize;Punjab;710.94;340.7
Maize;Punjab;688.94;329.3
Maize;Punjab;684;344.6
Maize;Punjab;651.88;326.1
Maize;Punjab;712.91;386.3
Maize;Punjab;693.88;361.7
Maize;Punjab;725.02;391.7
Maize;Punjab;749.98;384.5
Maize;Punjab;805.33;420.6
Maize;Punjab;857.72;444.7
Maize;Punjab;803.11;405.3
Maize;Punjab;833.5;450.1
Maize;Punjab;831.03;450
Maize;Punjab;845.36;460
Maize;Punjab;836.71;415
Maize;Punjab;855.25;453.3
Maize;Punjab;832.02;404.8
Maize;Punjab;853.77;455.3
Maize;Punjab;853.02;455
Maize;Punjab;790.01;425
Maize;Punjab;769.25;415.3
Maize;Punjab;799.15;401.9
Maize;Punjab;833.5;437.4
Maize;Punjab;852.78;460.5
Maize;Punjab;968.67;671.3
Maize;Punjab;943.96;681.6
Maize;Punjab;953.1;694
Maize;Punjab;1022.79;828.2
Maize;Punjab;1015.87;817.2
Maize;Punjab;981.77;748.5
Maize;Punjab;970.15;741.9
Maize;Punjab;1036.63;882.9
Maize;Punjab;1056.4;1019.8
Maize;Punjab;1173.77;1934.6
Maize;Punjab;1336.37;2319.4
Maize;Punjab;1217.02;2161.9
Maize;Punjab;1320.8;2694
Maize;Punjab;1320.56;2627.2
Maize;Punjab;1247.66;2501.5
Maize;Punjab;1343.29;2959.2
Maize;Punjab;1492.3;3441.7
Maize;Punjab;1452.27;3353.1
Maize;Punjab;1703.33;4020.8
Maize;Punjab;1662.56;4019.9
Maize;Punjab;1769.55;4391.2
Maize;Punjab;2145.41;5237.2
Maize;Punjab;1903.49;5028
Maize;Punjab;2223.25;5915.5
Maize;Punjab;2335.44;6994.7
Maize;Sindh;3;1
Maize;Sindh;6;1
Maize;Sindh;7;1
Maize;Sindh;7;1
Maize;Sindh;7;1
Maize;Sindh;9;2
Maize;Sindh;10;1
Maize;Sindh;13;3
Maize;Sindh;12;3
Maize;Sindh;14;3
Maize;Sindh;15;3
Maize;Sindh;19;3
Maize;Sindh;19;3
Maize;Sindh;19;4
Maize;Sindh;18;4
Maize;Sindh;18;3
Maize;Sindh;21;5
Maize;Sindh;25;5
Maize;Sindh;25;6
Maize;Sindh;25;6
Maize;Sindh;36;10
Maize;Sindh;40;10
Maize;Sindh;53;12
Maize;Sindh;51.89;12
Maize;Sindh;56.59;13.1
Maize;Sindh;49.42;11.6
Maize;Sindh;54.86;12.8
Maize;Sindh;47.69;11.1
Maize;Sindh;54.12;12.8
Maize;Sindh;56.09;13.2
Maize;Sindh;51.4;12.2
Maize;Sindh;52.88;12.5
Maize;Sindh;59.55;13.6
Maize;Sindh;55.35;12.3
Maize;Sindh;49.17;10.9
Maize;Sindh;44.73;9.8
Maize;Sindh;46.95;9.8
Maize;Sindh;49.67;10.4
Maize;Sindh;48.19;10.1
Maize;Sindh;49.42;10.4
Maize;Sindh;44.48;8.7
Maize;Sindh;50.41;9.7
Maize;Sindh;48.43;9.6
Maize;Sindh;48.43;9.6
Maize;Sindh;43.49;8.7
Maize;Sindh;29.9;6
Maize;Sindh;26.44;5.6
Maize;Sindh;30.15;6.4
Maize;Sindh;28.66;5.9
Maize;Sindh;25.95;5.6
Maize;Sindh;22.98;5
Maize;Sindh;25.95;5.5
Maize;Sindh;21.25;4.6
Maize;Sindh;19.03;4.4
Maize;Sindh;13.59;3.2
Maize;Sindh;16.56;3.6
Maize;Sindh;21.99;4.8
Maize;Sindh;7.41;1.6
Maize;Sindh;8.65;1.6
Maize;Sindh;5.93;1.4
Maize;Sindh;6.92;1.8
Maize;Sindh;6.67;1.7
Maize;Sindh;7.66;1.9
Maize;Sindh;6.18;1.6
Maize;Sindh;6.18;2.9
Maize;Sindh;8.9;3.6
Maize;Sindh;8.65;3.5
Maize;Sindh;7.91;3.4
Maize;Sindh;9.14;3.6
Maize;Sindh;8.9;3.6
Maize;Sindh;8.9;3.6
Maize;Sindh;8.65;3.5
Maize;Sindh;9.64;4
Maize;Khyber Pakhtunkhua;470;186
Maize;Khyber Pakhtunkhua;485;199
Maize;Khyber Pakhtunkhua;496;210
Maize;Khyber Pakhtunkhua;479;218
Maize;Khyber Pakhtunkhua;509;217
Maize;Khyber Pakhtunkhua;489;189
Maize;Khyber Pakhtunkhua;499;178
Maize;Khyber Pakhtunkhua;521;217
Maize;Khyber Pakhtunkhua;520;237
Maize;Khyber Pakhtunkhua;523;239
Maize;Khyber Pakhtunkhua;504;228
Maize;Khyber Pakhtunkhua;523;236
Maize;Khyber Pakhtunkhua;541;240
Maize;Khyber Pakhtunkhua;564;224
Maize;Khyber Pakhtunkhua;568;243
Maize;Khyber Pakhtunkhua;536;237
Maize;Khyber Pakhtunkhua;610;271
Maize;Khyber Pakhtunkhua;584;270
Maize;Khyber Pakhtunkhua;730;310
Maize;Khyber Pakhtunkhua;714;315
Maize;Khyber Pakhtunkhua;739;377
Maize;Khyber Pakhtunkhua;780;298
Maize;Khyber Pakhtunkhua;792;322
Maize;Khyber Pakhtunkhua;791.99;357.8
Maize;Khyber Pakhtunkhua;782.84;348.5
Maize;Khyber Pakhtunkhua;844.13;363.2
Maize;Khyber Pakhtunkhua;812.99;407
Maize;Khyber Pakhtunkhua;805.83;407.7
Maize;Khyber Pakhtunkhua;756.4;401.5
Maize;Khyber Pakhtunkhua;782.1;386.1
Maize;Khyber Pakhtunkhua;836.22;414.5
Maize;Khyber Pakhtunkhua;794.46;398.9
Maize;Khyber Pakhtunkhua;859.45;438.4
Maize;Khyber Pakhtunkhua;979.3;510.9
Maize;Khyber Pakhtunkhua;968.18;512.2
Maize;Khyber Pakhtunkhua;1066.03;542.9
Maize;Khyber Pakhtunkhua;1086.05;550.9
Maize;Khyber Pakhtunkhua;1094.45;554
Maize;Khyber Pakhtunkhua;1089.51;580.6
Maize;Khyber Pakhtunkhua;1098.9;643.5
Maize;Khyber Pakhtunkhua;1222.21;709.3
Maize;Khyber Pakhtunkhua;1224.18;735.1
Maize;Khyber Pakhtunkhua;1219.49;710.5
Maize;Khyber Pakhtunkhua;1239.01;745.7
Maize;Khyber Pakhtunkhua;1270.39;774.9
Maize;Khyber Pakhtunkhua;1304.25;771.4
Maize;Khyber Pakhtunkhua;1304;767.1
Maize;Khyber Pakhtunkhua;1304.74;846.7
Maize;Khyber Pakhtunkhua;1311.91;822.2
Maize;Khyber Pakhtunkhua;1313.64;799.7
Maize;Khyber Pakhtunkhua;1318.58;814
Maize;Khyber Pakhtunkhua;1320.56;827.6
Maize;Khyber Pakhtunkhua;1332.42;827.4
Maize;Khyber Pakhtunkhua;1325.75;887.9
Maize;Khyber Pakhtunkhua;1336.37;916.4
Maize;Khyber Pakhtunkhua;1251.37;847.5
Maize;Khyber Pakhtunkhua;1249.14;867.6
Maize;Khyber Pakhtunkhua;1232.09;855.5
Maize;Khyber Pakhtunkhua;1216.28;782.4
Maize;Khyber Pakhtunkhua;1275.33;918.6
Maize;Khyber Pakhtunkhua;1257.79;903.9
Maize;Khyber Pakhtunkhua;1259.03;957.9
Maize;Khyber Pakhtunkhua;1042.56;752.2
Maize;Khyber Pakhtunkhua;1045.03;740.5
Maize;Khyber Pakhtunkhua;1174.51;887.8
Maize;Khyber Pakhtunkhua;1145.11;858.3
Maize;Khyber Pakhtunkhua;1163.64;914.8
Maize;Khyber Pakhtunkhua;1144.12;909.7
Maize;Khyber Pakhtunkhua;1157.71;873
Maize;Khyber Pakhtunkhua;1169.82;890.1
Maize;Khyber Pakhtunkhua;1172.78;867
Maize;Khyber Pakhtunkhua;1156.47;904.5
Maize;Khyber Pakhtunkhua;1118.42;881.6
Maize;Balochistan;9;1
Maize;Balochistan;10;2
Maize;Balochistan;10;3
Maize;Balochistan;11;3
Maize;Balochistan;9;2
Maize;Balochistan;9;2
Maize;Balochistan;8;2
Maize;Balochistan;8;2
Maize;Balochistan;11;2
Maize;Balochistan;10;2
Maize;Balochistan;11;2
Maize;Balochistan;13;2
Maize;Balochistan;14;2
Maize;Balochistan;14;2
Maize;Balochistan;14;2
Maize;Balochistan;11;2
Maize;Balochistan;12;2
Maize;Balochistan;13;2
Maize;Balochistan;14;2
Maize;Balochistan;13;2
Maize;Balochistan;14;4
Maize;Balochistan;11;3
Maize;Balochistan;13;5
Maize;Balochistan;12.11;4.5
Maize;Balochistan;12.85;2.8
Maize;Balochistan;11.37;1.8
Maize;Balochistan;11.37;2.7
Maize;Balochistan;11.12;2
Maize;Balochistan;8.65;1.9
Maize;Balochistan;9.88;2.8
Maize;Balochistan;8.65;2.5
Maize;Balochistan;9.39;2.7
Maize;Balochistan;8.15;2.6
Maize;Balochistan;7.91;2.5
Maize;Balochistan;5.93;2
Maize;Balochistan;7.41;2.6
Maize;Balochistan;7.91;2.8
Maize;Balochistan;9.14;3.2
Maize;Balochistan;12.11;3.7
Maize;Balochistan;13.34;4
Maize;Balochistan;11.37;4.1
Maize;Balochistan;11.12;4
Maize;Balochistan;11.37;4.2
Maize;Balochistan;11.12;4.2
Maize;Balochistan;11.12;4.2
Maize;Balochistan;10.38;4.3
Maize;Balochistan;6.92;2.9
Maize;Balochistan;10.38;4.5
Maize;Balochistan;10.38;4.5
Maize;Balochistan;8.9;3.9
Maize;Balochistan;9.88;4.3
Maize;Balochistan;8.4;3.7
Maize;Balochistan;6.18;2.8
Maize;Balochistan;6.18;2.5
Maize;Balochistan;6.67;2.9
Maize;Balochistan;7.17;3.1
Maize;Balochistan;12.85;5.2
Maize;Balochistan;12.85;5.3
Maize;Balochistan;13.59;6.2
Maize;Balochistan;14.58;6.5
Maize;Balochistan;13.34;5
Maize;Balochistan;13.59;6.2
Maize;Balochistan;12.85;5.9
Maize;Balochistan;12.85;5.7
Maize;Balochistan;13.84;5.9
Maize;Balochistan;11.86;5.1
Maize;Balochistan;11.86;5.1
Maize;Balochistan;8.65;3.8
Maize;Balochistan;7.91;3.1
Maize;Balochistan;7.91;3.4
Maize;Balochistan;7.17;3
Maize;Balochistan;6.92;2.8
Maize;Balochistan;6.92;2.8
Rice;Punjab;664;249
Rice;Punjab;736;311
Rice;Punjab;862;342
Rice;Punjab;872;307
Rice;Punjab;762;285
Rice;Punjab;770;302
Rice;Punjab;920;370
Rice;Punjab;879;282
Rice;Punjab;875;275
Rice;Punjab;945;313
Rice;Punjab;1004;303
Rice;Punjab;1144;404
Rice;Punjab;1240;410
Rice;Punjab;1390;499
Rice;Punjab;1355;508
Rice;Punjab;1343;521
Rice;Punjab;1362;531
Rice;Punjab;1475;649
Rice;Punjab;1414;568
Rice;Punjab;1454;618
Rice;Punjab;1650;770
Rice;Punjab;2047;1078
Rice;Punjab;2025;1175
Rice;Punjab;1823.9;982.5
Rice;Punjab;1700.1;991.9
Rice;Punjab;1696.9;1000.9
Rice;Punjab;1761.9;1114.5
Rice;Punjab;2029;1152.4
Rice;Punjab;2167.9;1207.2
Rice;Punjab;2272.9;1332
Rice;Punjab;2587.7;1507.8
Rice;Punjab;2920.1;1765.9
Rice;Punjab;2914.9;1518.4
Rice;Punjab;2624.1;1361.7
Rice;Punjab;2690;1450.9
Rice;Punjab;2651.2;1407
Rice;Punjab;2709.1;1409.4
Rice;Punjab;2769.1;1534.9
Rice;Punjab;2751.1;1478.2
Rice;Punjab;2903;1534.8
Rice;Punjab;2682.1;1352.3
Rice;Punjab;2932;1367.3
Rice;Punjab;3167;1482.2
Rice;Punjab;3118;1422.3
Rice;Punjab;3042.9;1342.2
Rice;Punjab;3018.9;1403.9
Rice;Punjab;3213.9;1588.2
Rice;Punjab;3308.1;1684
Rice;Punjab;3281.1;1803
Rice;Punjab;3347.1;1864
Rice;Punjab;3484;1948
Rice;Punjab;3689.1;2176
Rice;Punjab;3977;2481
Rice;Punjab;4021;2577
Rice;Punjab;3647.1;2266
Rice;Punjab;3737;2579.7
Rice;Punjab;4170.97;2871.4
Rice;Punjab;4335.1;2980.3
Rice;Punjab;4355.1;3179.6
Rice;Punjab;4271.1;3075.53
Rice;Punjab;4258.9;3286
Rice;Punjab;4887.1;3643
Rice;Punjab;4772.9;3713
Rice;Punjab;4365.9;3384
Rice;Punjab;4236;3277
Rice;Punjab;4229;3478
Rice;Punjab;4470;2481
Rice;Punjab;4640;3648
Rice;Punjab;4399.1;3502.3
Rice;Punjab;4291.1;3475
Rice;Punjab;4549;3898
Rice;Punjab;4705;3979
Rice;Punjab;5014;4143.72
Rice;Sindh;1137;382
Rice;Sindh;1186;374
Rice;Sindh;1280;398
Rice;Sindh;1348;490
Rice;Sindh;1249;385
Rice;Sindh;1301;469
Rice;Sindh;1413;472
Rice;Sindh;1347;483
Rice;Sindh;1362;499
Rice;Sindh;1309;452
Rice;Sindh;1486;483
Rice;Sindh;1524;508
Rice;Sindh;1585;520
Rice;Sindh;1361;469
Rice;Sindh;1527;574
Rice;Sindh;1466;514
Rice;Sindh;1674;594
Rice;Sindh;1730;629
Rice;Sindh;1814;676
Rice;Sindh;1803;651
Rice;Sindh;1632;629
Rice;Sindh;1569;839
Rice;Sindh;1738;1097
Rice;Sindh;1659.1;1122.7
Rice;Sindh;1661.8;1168.1
Rice;Sindh;1735;1221.9
Rice;Sindh;1744.8;1235
Rice;Sindh;1698.6;1049
Rice;Sindh;1806.6;1286.1
Rice;Sindh;1847.1;1292
Rice;Sindh;1847.4;1315.3
Rice;Sindh;1815.5;1340.9
Rice;Sindh;1842.5;1499.1
Rice;Sindh;1887.4;1549.9
Rice;Sindh;1798;1584.2
Rice;Sindh;1775.7;1560.1
Rice;Sindh;1784.1;1478.8
Rice;Sindh;1704.3;1345
Rice;Sindh;1447.3;1071.7
Rice;Sindh;1781.7;1548.5
Rice;Sindh;1783.6;1537.5
Rice;Sindh;1694.7;1435.9
Rice;Sindh;1619.3;1340
Rice;Sindh;1680.1;1433.4
Rice;Sindh;1711;1487.5
Rice;Sindh;1405.6;1272.8
Rice;Sindh;1736.9;1954.9
Rice;Sindh;1478.5;1406.7
Rice;Sindh;1587.2;1697.2
Rice;Sindh;1734.2;1961.5
Rice;Sindh;1703.3;1840.9
Rice;Sindh;1739.9;1930.3
Rice;Sindh;1706;2123
Rice;Sindh;1334.6;1682.3
Rice;Sindh;1139.4;1159.1
Rice;Sindh;1206.6;1299.7
Rice;Sindh;1362.07;1432.8
Rice;Sindh;1344;1499.7
Rice;Sindh;1465.9;1721
Rice;Sindh;1478;1761.79
Rice;Sindh;1467.8;1817.7
Rice;Sindh;1812.6;2537.1
Rice;Sindh;1748.8;2422.3
Rice;Sindh;892.6;1230.3
Rice;Sindh;1571.1;2260.1
Rice;Sindh;1263;1843.9
Rice;Sindh;1842.2;2617.3
Rice;Sindh;1931.7;2652.6
Rice;Sindh;1778.7;2572.8
Rice;Sindh;1854.6;2661.6
Rice;Sindh;2046.8;2850.5
Rice;Sindh;1705.6;2571.1
Rice;Sindh;1917.3;2374.3
Rice;Khyber Pakhtunkhua;28;6
Rice;Khyber Pakhtunkhua;34;10
Rice;Khyber Pakhtunkhua;38;11
Rice;Khyber Pakhtunkhua;38;9
Rice;Khyber Pakhtunkhua;38;11
Rice;Khyber Pakhtunkhua;34;8
Rice;Khyber Pakhtunkhua;32;7
Rice;Khyber Pakhtunkhua;42;10
Rice;Khyber Pakhtunkhua;33;11
Rice;Khyber Pakhtunkhua;32;11
Rice;Khyber Pakhtunkhua;34;12
Rice;Khyber Pakhtunkhua;38;14
Rice;Khyber Pakhtunkhua;39;14
Rice;Khyber Pakhtunkhua;37;12
Rice;Khyber Pakhtunkhua;39;12
Rice;Khyber Pakhtunkhua;37;12
Rice;Khyber Pakhtunkhua;42;13
Rice;Khyber Pakhtunkhua;42;14
Rice;Khyber Pakhtunkhua;108;33
Rice;Khyber Pakhtunkhua;110;34
Rice;Khyber Pakhtunkhua;114;37
Rice;Khyber Pakhtunkhua;118;45
Rice;Khyber Pakhtunkhua;130;49
Rice;Khyber Pakhtunkhua;132.9;66
Rice;Khyber Pakhtunkhua;134.4;59.3
Rice;Khyber Pakhtunkhua;129.5;66
Rice;Khyber Pakhtunkhua;141.3;72.2
Rice;Khyber Pakhtunkhua;151;76.9
Rice;Khyber Pakhtunkhua;155.7;84.6
Rice;Khyber Pakhtunkhua;155.9;85.4
Rice;Khyber Pakhtunkhua;162.4;87.6
Rice;Khyber Pakhtunkhua;167.8;104
Rice;Khyber Pakhtunkhua;166.1;104.7
Rice;Khyber Pakhtunkhua;163.6;105.1
Rice;Khyber Pakhtunkhua;171.2;110.7
Rice;Khyber Pakhtunkhua;174.2;112.7
Rice;Khyber Pakhtunkhua;178.4;115.8
Rice;Khyber Pakhtunkhua;178.4;115.5
Rice;Khyber Pakhtunkhua;173.2;113.8
Rice;Khyber Pakhtunkhua;174.7;118.3
Rice;Khyber Pakhtunkhua;150.5;107.5
Rice;Khyber Pakhtunkhua;154.9;117.8
Rice;Khyber Pakhtunkhua;152.7;114.6
Rice;Khyber Pakhtunkhua;153.9;118
Rice;Khyber Pakhtunkhua;155.9;123
Rice;Khyber Pakhtunkhua;153.5;111.9
Rice;Khyber Pakhtunkhua;154.9;118.4
Rice;Khyber Pakhtunkhua;156.4;118.2
Rice;Khyber Pakhtunkhua;157.4;118.2
Rice;Khyber Pakhtunkhua;159.9;123.5
Rice;Khyber Pakhtunkhua;165.1;130.2
Rice;Khyber Pakhtunkhua;168.5;133.6
Rice;Khyber Pakhtunkhua;165.8;129.2
Rice;Khyber Pakhtunkhua;164.1;131.2
Rice;Khyber Pakhtunkhua;150;121.7
Rice;Khyber Pakhtunkhua;150.7;131.7
Rice;Khyber Pakhtunkhua;152.47;130.8
Rice;Khyber Pakhtunkhua;148;123.2
Rice;Khyber Pakhtunkhua;146.8;117.5
Rice;Khyber Pakhtunkhua;150.2;122.9
Rice;Khyber Pakhtunkhua;152.5;128.3
Rice;Khyber Pakhtunkhua;151.5;128.2
Rice;Khyber Pakhtunkhua;132.9;102.4
Rice;Khyber Pakhtunkhua;113.9;78.4
Rice;Khyber Pakhtunkhua;123.8;94.7
Rice;Khyber Pakhtunkhua;120.6;93.8
Rice;Khyber Pakhtunkhua;136.7;111.9
Rice;Khyber Pakhtunkhua;140.6;131
Rice;Khyber Pakhtunkhua;159.9;153.8
Rice;Khyber Pakhtunkhua;165.6;158.2
Rice;Khyber Pakhtunkhua;152.2;147.5
Rice;Khyber Pakhtunkhua;153.9;153.8
Rice;Khyber Pakhtunkhua;155.2;152.9
Rice;Balochistan;123;45
Rice;Balochistan;119;41
Rice;Balochistan;125;41
Rice;Balochistan;134;45
Rice;Balochistan;135;38
Rice;Balochistan;138;40
Rice;Balochistan;145;57
Rice;Balochistan;101;50
Rice;Balochistan;125;43
Rice;Balochistan;115;55
Rice;Balochistan;128;64
Rice;Balochistan;138;50
Rice;Balochistan;110;35
Rice;Balochistan;130;34
Rice;Balochistan;80;15
Rice;Balochistan;84;31
Rice;Balochistan;100;35
Rice;Balochistan;103;37
Rice;Balochistan;107;19
Rice;Balochistan;116;40
Rice;Balochistan;112;39
Rice;Balochistan;108;38
Rice;Balochistan;115;42
Rice;Balochistan;99.1;28.5
Rice;Balochistan;102.6;42.6
Rice;Balochistan;94.9;40.9
Rice;Balochistan;88;33.4
Rice;Balochistan;85.5;35.5
Rice;Balochistan;94.6;39.6
Rice;Balochistan;46.7;28
Rice;Balochistan;94.1;38.9
Rice;Balochistan;102.1;61.2
Rice;Balochistan;104;93.6
Rice;Balochistan;101.8;106.5
Rice;Balochistan;223.6;283.9
Rice;Balochistan;286.9;364.9
Rice;Balochistan;266.9;335.5
Rice;Balochistan;286.2;319.8
Rice;Balochistan;232.5;255.2
Rice;Balochistan;244.9;284.7
Rice;Balochistan;234.5;243.6
Rice;Balochistan;263.7;279.2
Rice;Balochistan;267.4;283.3
Rice;Balochistan;268.6;287.1
Rice;Balochistan;271.8;290.4
Rice;Balochistan;298.5;327.5
Rice;Balochistan;298.8;333.2
Rice;Balochistan;307.2;237.6
Rice;Balochistan;316.3;348.1
Rice;Balochistan;321.5;355.8
Rice;Balochistan;373.9;413.9
Rice;Balochistan;391.4;433.9
Rice;Balochistan;367;422.4
Rice;Balochistan;353.1;412.1
Rice;Balochistan;287.9;335.2
Rice;Balochistan;404.3;467.4
Rice;Balochistan;394.88;412.6
Rice;Balochistan;399.1;421.6
Rice;Balochistan;510;529.1
Rice;Balochistan;479.2;478.2
Rice;Balochistan;336.6;331.4
Rice;Balochistan;469.8;643.7
Rice;Balochistan;469.8;645
Rice;Balochistan;472.5;130.6
Rice;Balochistan;422.8;528.6
Rice;Balochistan;92.7;120.2
Rice;Balochistan;443.6;587.9
Rice;Balochistan;430.7;571.2
Rice;Balochistan;431.9;572.7
Rice;Balochistan;420.1;554.5
Rice;Balochistan;419.6;553.8
Rice;Balochistan;379.3;498.1
Rice;Balochistan;427;535
Wheat;Punjab;7168;2595
Wheat;Punjab;7741;3232
Wheat;Punjab;7570;3131
Wheat;Punjab;8195;3299
Wheat;Punjab;7675;2436
Wheat;Punjab;6887;1777
Wheat;Punjab;7572;2910
Wheat;Punjab;8029;2492
Wheat;Punjab;8416;2612
Wheat;Punjab;8743;2846
Wheat;Punjab;8607;2750
Wheat;Punjab;8894;3042
Wheat;Punjab;8785;2977
Wheat;Punjab;8352;2899
Wheat;Punjab;8971;3109
Wheat;Punjab;9216;3309
Wheat;Punjab;8957;3209
Wheat;Punjab;9362;3514
Wheat;Punjab;9105;2931
Wheat;Punjab;9564;3346
Wheat;Punjab;10607;4966
Wheat;Punjab;11248;5185
Wheat;Punjab;11062;5552
Wheat;Punjab;10846.89;4948.2
Wheat;Punjab;10450.03;5291.1
Wheat;Punjab;10790.06;5693.5
Wheat;Punjab;10903.98;5664.8
Wheat;Punjab;10418.9;5785.6
Wheat;Punjab;11050.02;6571.6
Wheat;Punjab;11362.12;6807.7
Wheat;Punjab;11370.03;6090.2
Wheat;Punjab;11876.11;7323.6
Wheat;Punjab;12235.9;7913.5
Wheat;Punjab;12301.14;8350
Wheat;Punjab;12768.67;7962.1
Wheat;Punjab;13059.76;8935.1
Wheat;Punjab;12968.83;7622.8
Wheat;Punjab;12764.96;8315.1
Wheat;Punjab;13203.09;10431.6
Wheat;Punjab;13773.17;8334.3
Wheat;Punjab;13205.06;9203.8
Wheat;Punjab;13811.97;10517
Wheat;Punjab;14004.96;10518.2
Wheat;Punjab;14114.18;10513.8
Wheat;Punjab;14009.16;11492.3
Wheat;Punjab;14728.99;11742
Wheat;Punjab;14258.25;11218
Wheat;Punjab;14585.17;12713
Wheat;Punjab;14761.12;12430
Wheat;Punjab;14430.98;12371
Wheat;Punjab;14664.99;13807
Wheat;Punjab;14664.99;13212
Wheat;Punjab;15272.14;16480
Wheat;Punjab;15457.97;15419
Wheat;Punjab;15078.16;14594.4
Wheat;Punjab;15067.04;15355
Wheat;Punjab;15457.97;15639
Wheat;Punjab;15762.9;17375
Wheat;Punjab;16021.13;16776
Wheat;Punjab;15896.09;17853
Wheat;Punjab;15819.98;15607
Wheat;Punjab;16892.93;18420
Wheat;Punjab;17083.95;17919
Wheat;Punjab;16534.13;19041
Wheat;Punjab;16019.89;17738.9
Wheat;Punjab;16090.07;18587
Wheat;Punjab;17054.05;19738.9
Wheat;Punjab;17250.75;19281.9
Wheat;Punjab;17084.94;19526.7
Wheat;Punjab;16458.02;20466.3
Wheat;Punjab;16209.92;19178.5
Wheat;Punjab;16052.02;18377.2
Wheat;Punjab;16099.96;19401.9
Wheat;Sindh;1270;371
Wheat;Sindh;1438;401
Wheat;Sindh;1304;347
Wheat;Sindh;1191;296
Wheat;Sindh;1063;273
Wheat;Sindh;1276;376
Wheat;Sindh;1445;387
Wheat;Sindh;1151;368
Wheat;Sindh;1334;372
Wheat;Sindh;1325;395
Wheat;Sindh;1227;398
Wheat;Sindh;1482;432
Wheat;Sindh;1502;441
Wheat;Sindh;1570;477
Wheat;Sindh;1667;495
Wheat;Sindh;1514;425
Wheat;Sindh;1545;464
Wheat;Sindh;1785;544
Wheat;Sindh;1688;533
Wheat;Sindh;1815;551
Wheat;Sindh;2090;832
Wheat;Sindh;2042;845
Wheat;Sindh;2195;1090
Wheat;Sindh;2069.05;1120.7
Wheat;Sindh;1927.21;1081.1
Wheat;Sindh;1904.48;1095.8
Wheat;Sindh;2076.71;1246
Wheat;Sindh;1866.92;1143.6
Wheat;Sindh;1970.46;1320.9
Wheat;Sindh;2291.2;1478.6
Wheat;Sindh;2239.31;1427
Wheat;Sindh;2492.35;1680.1
Wheat;Sindh;2536.58;1849.4
Wheat;Sindh;2545.23;1945.8
Wheat;Sindh;2536.34;2061.7
Wheat;Sindh;2492.6;2066.7
Wheat;Sindh;2497.54;1945.8
Wheat;Sindh;2544.74;2078.7
Wheat;Sindh;2547.21;2172.2
Wheat;Sindh;2560.06;2211.5
Wheat;Sindh;2532.38;2180.4
Wheat;Sindh;2582.79;2360.6
Wheat;Sindh;2581.56;2130.9
Wheat;Sindh;2603.3;2274.5
Wheat;Sindh;2615.41;2365.4
Wheat;Sindh;2727.35;2418
Wheat;Sindh;2732.05;2116.6
Wheat;Sindh;2626.78;2319.1
Wheat;Sindh;2734.03;2344.8
Wheat;Sindh;2735.01;2443.9
Wheat;Sindh;2768.13;2659.4
Wheat;Sindh;2776.78;2675.1
Wheat;Sindh;2827.43;3001.3
Wheat;Sindh;2003.32;2226.5
Wheat;Sindh;2162.71;2101
Wheat;Sindh;2134.29;2109.2
Wheat;Sindh;2170.12;2172.2
Wheat;Sindh;2192.85;2508.6
Wheat;Sindh;2306.03;2750.3
Wheat;Sindh;2427.11;3409.2
Wheat;Sindh;2446.14;3411.4
Wheat;Sindh;2548.69;3540.2
Wheat;Sindh;2699.18;3703.1
Wheat;Sindh;2827.93;4287.9
Wheat;Sindh;2592.68;3761.5
Wheat;Sindh;2615.41;3598.7
Wheat;Sindh;2771.59;4002.1
Wheat;Sindh;2735.26;3672.2
Wheat;Sindh;2853.13;3834.6
Wheat;Sindh;2889.95;3910.4
Wheat;Sindh;2692.51;3639.5
Wheat;Sindh;2601.33;3778.9
Wheat;Sindh;2796.05;3850
Wheat;Khyber Pakhtunkhua;1013;280
Wheat;Khyber Pakhtunkhua;1087;268
Wheat;Khyber Pakhtunkhua;1102;295
Wheat;Khyber Pakhtunkhua;1084;261
Wheat;Khyber Pakhtunkhua;1094;189
Wheat;Khyber Pakhtunkhua;921;160
Wheat;Khyber Pakhtunkhua;1041;213
Wheat;Khyber Pakhtunkhua;1001;204
Wheat;Khyber Pakhtunkhua;1051;255
Wheat;Khyber Pakhtunkhua;1126;270
Wheat;Khyber Pakhtunkhua;1155;279
Wheat;Khyber Pakhtunkhua;1165;301
Wheat;Khyber Pakhtunkhua;1366;353
Wheat;Khyber Pakhtunkhua;1131;301
Wheat;Khyber Pakhtunkhua;1232;304
Wheat;Khyber Pakhtunkhua;1296;301
Wheat;Khyber Pakhtunkhua;1475;343
Wheat;Khyber Pakhtunkhua;1544;361
Wheat;Khyber Pakhtunkhua;1447;304
Wheat;Khyber Pakhtunkhua;1433;283
Wheat;Khyber Pakhtunkhua;1512;389
Wheat;Khyber Pakhtunkhua;1501;381
Wheat;Khyber Pakhtunkhua;1546;375
Wheat;Khyber Pakhtunkhua;1456.96;331.2
Wheat;Khyber Pakhtunkhua;1465.36;439.6
Wheat;Khyber Pakhtunkhua;1689.99;584.4
Wheat;Khyber Pakhtunkhua;1710.5;606.9
Wheat;Khyber Pakhtunkhua;1717.17;613.2
Wheat;Khyber Pakhtunkhua;1747.07;660.4
Wheat;Khyber Pakhtunkhua;1771.28;711.4
Wheat;Khyber Pakhtunkhua;1719.14;688.6
Wheat;Khyber Pakhtunkhua;1741.38;737.5
Wheat;Khyber Pakhtunkhua;1871.86;862.5
Wheat;Khyber Pakhtunkhua;1953.16;940.8
Wheat;Khyber Pakhtunkhua;2009.5;962.2
Wheat;Khyber Pakhtunkhua;2037.42;998.4
Wheat;Khyber Pakhtunkhua;1961.06;859.8
Wheat;Khyber Pakhtunkhua;1941.3;872.1
Wheat;Khyber Pakhtunkhua;1932.15;906.5
Wheat;Khyber Pakhtunkhua;1983.8;959.4
Wheat;Khyber Pakhtunkhua;1869.39;899.2
Wheat;Khyber Pakhtunkhua;2004.56;1003.7
Wheat;Khyber Pakhtunkhua;2064.85;1102.1
Wheat;Khyber Pakhtunkhua;2075.97;1148.4
Wheat;Khyber Pakhtunkhua;2081.16;1163.4
Wheat;Khyber Pakhtunkhua;2099.45;1183
Wheat;Khyber Pakhtunkhua;2050.02;1134.3
Wheat;Khyber Pakhtunkhua;2135.03;1180.2
Wheat;Khyber Pakhtunkhua;2140.22;1202.5
Wheat;Khyber Pakhtunkhua;2082.64;1064.4
Wheat;Khyber Pakhtunkhua;2268.72;1356
Wheat;Khyber Pakhtunkhua;2119.22;1221.8
Wheat;Khyber Pakhtunkhua;1992.94;1067.8
Wheat;Khyber Pakhtunkhua;1952.91;764
Wheat;Khyber Pakhtunkhua;1845.66;890.5
Wheat;Khyber Pakhtunkhua;1809.09;1064.4
Wheat;Khyber Pakhtunkhua;1832.57;1025.2
Wheat;Khyber Pakhtunkhua;1849.87;1091.1
Wheat;Khyber Pakhtunkhua;1782.4;1100.6
Wheat;Khyber Pakhtunkhua;1863.95;1160.4
Wheat;Khyber Pakhtunkhua;1846.9;1071.8
Wheat;Khyber Pakhtunkhua;1901.51;1204.5
Wheat;Khyber Pakhtunkhua;1873.84;1152.5
Wheat;Khyber Pakhtunkhua;1790.31;1155.8
Wheat;Khyber Pakhtunkhua;1802.17;1130.3
Wheat;Khyber Pakhtunkhua;1797.23;1257.6
Wheat;Khyber Pakhtunkhua;1919.8;1363.1
Wheat;Khyber Pakhtunkhua;1810.33;1259.9
Wheat;Khyber Pakhtunkhua;1908.43;1400.5
Wheat;Khyber Pakhtunkhua;1850.11;1365.1
Wheat;Khyber Pakhtunkhua;1861.73;1322.7
Wheat;Khyber Pakhtunkhua;1789.32;1336.7
Wheat;Khyber Pakhtunkhua;1797.23;1130.4
Wheat;Balochistan;319;55
Wheat;Balochistan;325;73
Wheat;Balochistan;361;89
Wheat;Balochistan;329;74
Wheat;Balochistan;316;64
Wheat;Balochistan;348;54
Wheat;Balochistan;358;77
Wheat;Balochistan;349;72
Wheat;Balochistan;371;78
Wheat;Balochistan;393;70
Wheat;Balochistan;399;81
Wheat;Balochistan;392;70
Wheat;Balochistan;402;76
Wheat;Balochistan;410;77
Wheat;Balochistan;295;55
Wheat;Balochistan;384;69
Wheat;Balochistan;425;80
Wheat;Balochistan;449;99
Wheat;Balochistan;498;86
Wheat;Balochistan;393;86
Wheat;Balochistan;576;130
Wheat;Balochistan;430;102
Wheat;Balochistan;590;162
Wheat;Balochistan;398.09;76.2
Wheat;Balochistan;482.61;78.6
Wheat;Balochistan;369.43;68.6
Wheat;Balochistan;413.66;111.2
Wheat;Balochistan;359.79;131.1
Wheat;Balochistan;332.36;137.8
Wheat;Balochistan;365.97;146
Wheat;Balochistan;387.72;161.4
Wheat;Balochistan;414.65;208.8
Wheat;Balochistan;464.81;231.1
Wheat;Balochistan;457.89;238
Wheat;Balochistan;534;318.2
Wheat;Balochistan;691.17;414.2
Wheat;Balochistan;718.35;453.5
Wheat;Balochistan;685.48;437.1
Wheat;Balochistan;611.84;412.7
Wheat;Balochistan;725.76;510.7
Wheat;Balochistan;452.95;391.7
Wheat;Balochistan;701.3;537.9
Wheat;Balochistan;733.18;564.3
Wheat;Balochistan;756.4;628.3
Wheat;Balochistan;760.6;663.1
Wheat;Balochistan;953.6;813.5
Wheat;Balochistan;811.26;744.1
Wheat;Balochistan;841.41;790.1
Wheat;Balochistan;1063.81;930.1
Wheat;Balochistan;789.76;771.2
Wheat;Balochistan;943.42;871.6
Wheat;Balochistan;775.93;748.7
Wheat;Balochistan;820.41;529.5
Wheat;Balochistan;801.62;614.2
Wheat;Balochistan;824.36;640.6
Wheat;Balochistan;842.15;654.7
Wheat;Balochistan;842.4;663.4
Wheat;Balochistan;847.83;637.6
Wheat;Balochistan;766.04;649.9
Wheat;Balochistan;1010.43;872.1
Wheat;Balochistan;1014.39;868.6
Wheat;Balochistan;1010.43;868.2
Wheat;Balochistan;908.13;536.2
Wheat;Balochistan;842.15;729.1
Wheat;Balochistan;959.78;842.7
Wheat;Balochistan;897.5;768.1
Wheat;Balochistan;987.2;875.3
Wheat;Balochistan;951.37;872.1
Wheat;Balochistan;946.18;871.3
Wheat;Balochistan;973.86;931.8
Wheat;Balochistan;974.6;935.4
Wheat;Balochistan;962.74;865.3
Wheat;Balochistan;1057.38;867.2
Cotton;Punjab;2217;125.02
Cotton;Punjab;1836;109.2
Cotton;Punjab;1867;148.83
Cotton;Punjab;2110;154.61
Cotton;Punjab;2370;162.78
Cotton;Punjab;2370;203.09
Cotton;Punjab;1911;144.07
Cotton;Punjab;2182;174.85
Cotton;Punjab;2419;190.5
Cotton;Punjab;2428;193.39
Cotton;Punjab;2488;192.2
Cotton;Punjab;2241;172.64
Cotton;Punjab;2298;191.52
Cotton;Punjab;2171;191.25
Cotton;Punjab;2401.6;220.78
Cotton;Punjab;2404.6;254.28
Cotton;Punjab;2622.7;298.13
Cotton;Punjab;2785.9;285.04
Cotton;Punjab;2869.9;270.99
Cotton;Punjab;2964.5;322.15
Cotton;Punjab;3291.5;368.5
Cotton;Punjab;3232;369.71
Cotton;Punjab;3322;381.7
Cotton;Punjab;3232.94;396.31
Cotton;Punjab;3697.01;529.13
Cotton;Punjab;3901.13;502.46
Cotton;Punjab;3382.94;448.95
Cotton;Punjab;3821.8;440.16
Cotton;Punjab;3420;344.4
Cotton;Punjab;3287.06;276.87
Cotton;Punjab;3223.06;359.57
Cotton;Punjab;3429.89;330.3
Cotton;Punjab;3659.95;481.63
Cotton;Punjab;3721.97;474.43
Cotton;Punjab;3887.29;483.77
Cotton;Punjab;3985.14;553.68
Cotton;Punjab;3861.09;288.17
Cotton;Punjab;3873.94;757.05
Cotton;Punjab;4314.05;969.72
Cotton;Punjab;4606.13;1097.25
Cotton;Punjab;4783.06;1234.07
Cotton;Punjab;5075.15;1237.37
Cotton;Punjab;5030.91;1267.88
Cotton;Punjab;5250.1;1445.99
Cotton;Punjab;5651.16;1941.88
Cotton;Punjab;6024.05;1401.05
Cotton;Punjab;5558;1109.5
Cotton;Punjab;5546.14;1260.37
Cotton;Punjab;6087.06;1483.18
Cotton;Punjab;6277.09;1208.22
Cotton;Punjab;5803.13;1159.5
Cotton;Punjab;5641.03;1127.36
Cotton;Punjab;5755.93;1497.47
Cotton;Punjab;5897.03;1452.57
Cotton;Punjab;6242.99;1368.54
Cotton;Punjab;5456.93;1303.57
Cotton;Punjab;5898.02;1310.03
Cotton;Punjab;6222.97;1896.33
Cotton;Punjab;5994.89;1746.48
Cotton;Punjab;6086.07;1760.43
Cotton;Punjab;5991.92;1541.36
Cotton;Punjab;5494.99;1488.46
Cotton;Punjab;6019.11;1454.61
Cotton;Punjab;5437.9;1335.89
Cotton;Punjab;6261.03;1892.93
Cotton;Punjab;5705.03;1620.28
Cotton;Punjab;5433.95;1555.47
Cotton;Punjab;5740.37;1748.01
Cotton;Punjab;5541.94;1078.88
Cotton;Punjab;4485.79;1186.89
Cotton;Punjab;5072.92;1373.82
Cotton;Punjab;4664.94;1161.03
Cotton;Punjab;4644.93;1072.69
Cotton;Sindh;833;62.59
Cotton;Sindh;756;54.6
Cotton;Sindh;872;61.74
Cotton;Sindh;899;84.36
Cotton;Sindh;932;73.99
Cotton;Sindh;1037;99.5
Cotton;Sindh;948;97.8
Cotton;Sindh;944;94.06
Cotton;Sindh;1047;94.4
Cotton;Sindh;1115;97.29
Cotton;Sindh;1093;97.97
Cotton;Sindh;1023;96.95
Cotton;Sindh;1007;86.75
Cotton;Sindh;1015.9;96.08
Cotton;Sindh;1039.5;88.79
Cotton;Sindh;982.2;95.52
Cotton;Sindh;1004.2;101.8
Cotton;Sindh;831.4;75.79
Cotton;Sindh;981.8;125.02
Cotton;Sindh;1032.5;120.44
Cotton;Sindh;1111.9;126
Cotton;Sindh;1076;134.47
Cotton;Sindh;1010.3;130.24
Cotton;Sindh;1045.03;145.67
Cotton;Sindh;1134.73;177.85
Cotton;Sindh;1059.61;198.73
Cotton;Sindh;1167.59;208.92
Cotton;Sindh;1189.09;193.32
Cotton;Sindh;1148.57;168.81
Cotton;Sindh;1312.9;157.44
Cotton;Sindh;1325.25;214.82
Cotton;Sindh;1237.53;142.54
Cotton;Sindh;1476.48;246.17
Cotton;Sindh;1480.19;239.3
Cotton;Sindh;1576.31;263.67
Cotton;Sindh;1598.8;269.51
Cotton;Sindh;1619.81;205.81
Cotton;Sindh;1658.36;250.98
Cotton;Sindh;1520.71;246.49
Cotton;Sindh;1577.3;221.9
Cotton;Sindh;1555.8;233.65
Cotton;Sindh;1393.7;188.46
Cotton;Sindh;1387.03;187.68
Cotton;Sindh;1325.99;191.28
Cotton;Sindh;1353.17;238.67
Cotton;Sindh;982.02;138.71
Cotton;Sindh;1371.21;258.03
Cotton;Sindh;1002.28;218.07
Cotton;Sindh;1307.95;316.62
Cotton;Sindh;1485.63;382.74
Cotton;Sindh;1483.4;397.25
Cotton;Sindh;1557.29;362.99
Cotton;Sindh;1565.44;404.37
Cotton;Sindh;1293.87;364.18
Cotton;Sindh;1352.68;415.56
Cotton;Sindh;1340.82;410.22
Cotton;Sindh;1387.28;381.48
Cotton;Sindh;1569.4;513.11
Cotton;Sindh;1574.34;450.4
Cotton;Sindh;1408.77;407.91
Cotton;Sindh;1500.95;431.38
Cotton;Sindh;1387.52;506.58
Cotton;Sindh;1568.41;726.4
Cotton;Sindh;1129.29;601.57
Cotton;Sindh;640.51;400.87
Cotton;Sindh;1309.93;578.37
Cotton;Sindh;1403.58;599.3
Cotton;Sindh;1473.27;607.65
Cotton;Sindh;1535.05;591.16
Cotton;Sindh;1573.1;611.8
Cotton;Sindh;1511.57;642.23
Cotton;Sindh;1107.55;499.79
Cotton;Sindh;1479.45;467
Cotton;Khyber Pakhtunkhua;6;0.51
Cotton;Khyber Pakhtunkhua;6;0.17
Cotton;Khyber Pakhtunkhua;5;0.17
Cotton;Khyber Pakhtunkhua;7;0.17
Cotton;Khyber Pakhtunkhua;15;0.85
Cotton;Khyber Pakhtunkhua;12;0.85
Cotton;Khyber Pakhtunkhua;11;0.51
Cotton;Khyber Pakhtunkhua;10;0.34
Cotton;Khyber Pakhtunkhua;10;0.34
Cotton;Khyber Pakhtunkhua;10;0.34
Cotton;Khyber Pakhtunkhua;9;0.34
Cotton;Khyber Pakhtunkhua;9;0.34
Cotton;Khyber Pakhtunkhua;13;0.51
Cotton;Khyber Pakhtunkhua;7.5;0.36
Cotton;Khyber Pakhtunkhua;7.9;0.49
Cotton;Khyber Pakhtunkhua;8.6;0.56
Cotton;Khyber Pakhtunkhua;7;0.41
Cotton;Khyber Pakhtunkhua;7.1;0.41
Cotton;Khyber Pakhtunkhua;6.5;0.44
Cotton;Khyber Pakhtunkhua;6.3;0.46
Cotton;Khyber Pakhtunkhua;7.8;0.6
Cotton;Khyber Pakhtunkhua;5;0.43
Cotton;Khyber Pakhtunkhua;5.9;0.43
Cotton;Khyber Pakhtunkhua;4.94;0.39
Cotton;Khyber Pakhtunkhua;4.7;0.37
Cotton;Khyber Pakhtunkhua;5.93;0.48
Cotton;Khyber Pakhtunkhua;6.67;0.54
Cotton;Khyber Pakhtunkhua;7.41;0.65
Cotton;Khyber Pakhtunkhua;6.42;0.51
Cotton;Khyber Pakhtunkhua;6.92;0.6
Cotton;Khyber Pakhtunkhua;6.18;0.49
Cotton;Khyber Pakhtunkhua;5.68;0.44
Cotton;Khyber Pakhtunkhua;5.44;0.44
Cotton;Khyber Pakhtunkhua;5.68;0.48
Cotton;Khyber Pakhtunkhua;6.92;0.58
Cotton;Khyber Pakhtunkhua;6.67;0.56
Cotton;Khyber Pakhtunkhua;6.18;0.51
Cotton;Khyber Pakhtunkhua;5.93;0.51
Cotton;Khyber Pakhtunkhua;5.68;0.49
Cotton;Khyber Pakhtunkhua;5.44;0.48
Cotton;Khyber Pakhtunkhua;5.19;0.46
Cotton;Khyber Pakhtunkhua;3.46;0.31
Cotton;Khyber Pakhtunkhua;2.72;0.29
Cotton;Khyber Pakhtunkhua;1.98;0.22
Cotton;Khyber Pakhtunkhua;1.98;0.29
Cotton;Khyber Pakhtunkhua;1.24;0.12
Cotton;Khyber Pakhtunkhua;0.49;0.07
Cotton;Khyber Pakhtunkhua;0.74;0.07
Cotton;Khyber Pakhtunkhua;0.49;0.05
Cotton;Khyber Pakhtunkhua;0.74;0.1
Cotton;Khyber Pakhtunkhua;1.24;0.14
Cotton;Khyber Pakhtunkhua;0.99;0.14
Cotton;Khyber Pakhtunkhua;0.74;0.1
Cotton;Khyber Pakhtunkhua;0.49;0.07
Cotton;Khyber Pakhtunkhua;3.95;0.7
Cotton;Khyber Pakhtunkhua;4.7;0.78
Cotton;Khyber Pakhtunkhua;4.94;0.85
Cotton;Khyber Pakhtunkhua;5.19;0.88
Cotton;Khyber Pakhtunkhua;5.19;0.88
Cotton;Khyber Pakhtunkhua;0.49;0.1
Cotton;Khyber Pakhtunkhua;0.49;0.09
Cotton;Khyber Pakhtunkhua;0.49;0.09
Cotton;Khyber Pakhtunkhua;0.1;0.01
Cotton;Khyber Pakhtunkhua;0.49;0.07
Cotton;Khyber Pakhtunkhua;0.49;0.12
Cotton;Khyber Pakhtunkhua;0.49;0.12
Cotton;Khyber Pakhtunkhua;0.74;0.14
Cotton;Khyber Pakhtunkhua;2.47;0.51
Cotton;Khyber Pakhtunkhua;0.99;0.2
Cotton;Khyber Pakhtunkhua;0.49;0.1
Cotton;Khyber Pakhtunkhua;0.49;0.09
Cotton;Khyber Pakhtunkhua;0.49;0.09
Cotton;Khyber Pakhtunkhua;0.49;0.1
Cotton;Balochistan;0;0
Cotton;Balochistan;0;0
Cotton;Balochistan;0;0
Cotton;Balochistan;0;0
Cotton;Balochistan;1;0
Cotton;Balochistan;3;0
Cotton;Balochistan;0;0
Cotton;Balochistan;0;0
Cotton;Balochistan;1;0
Cotton;Balochistan;2;0
Cotton;Balochistan;0;0
Cotton;Balochistan;0;0
Cotton;Balochistan;0;0
Cotton;Balochistan;0.2;0
Cotton;Balochistan;0;0
Cotton;Balochistan;0;0
Cotton;Balochistan;0;0
Cotton;Balochistan;0;0
Cotton;Balochistan;0;0
Cotton;Balochistan;0;0
Cotton;Balochistan;0.1;0
Cotton;Balochistan;0;0
Cotton;Balochistan;0.1;0
Cotton;Balochistan;0.25;0.07
Cotton;Balochistan;0.99;0.12
Cotton;Balochistan;0.25;0.05
Cotton;Balochistan;1.48;0.12
Cotton;Balochistan;0.49;0.07
Cotton;Balochistan;0.49;0.03
Cotton;Balochistan;0.99;0.07
Cotton;Balochistan;0.25;0.02
Cotton;Balochistan;0.25;0.02
Cotton;Balochistan;0.49;0.09
Cotton;Balochistan;2.47;0.34
Cotton;Balochistan;0.74;0.09
Cotton;Balochistan;1.24;0.15
Cotton;Balochistan;0.49;0.09
Cotton;Balochistan;0.99;0.15
Cotton;Balochistan;1.48;0.2
Cotton;Balochistan;1.73;0.22
Cotton;Balochistan;1.24;0.19
Cotton;Balochistan;0.49;0.09
Cotton;Balochistan;0.49;0.09
Cotton;Balochistan;0.49;0.09
Cotton;Balochistan;0.49;0.09
Cotton;Balochistan;0.49;0.09
Cotton;Balochistan;0.74;0.12
Cotton;Balochistan;6.18;0.78
Cotton;Balochistan;11.12;2.23
Cotton;Balochistan;17.05;3.4
Cotton;Balochistan;25.95;5.19
Cotton;Balochistan;23.23;4.66
Cotton;Balochistan;49.42;9.87
Cotton;Balochistan;42.75;8.57
Cotton;Balochistan;99.83;20.29
Cotton;Balochistan;100.82;22.15
Cotton;Balochistan;96.62;16.65
Cotton;Balochistan;91.68;16.04
Cotton;Balochistan;93.41;16.62
Cotton;Balochistan;102.8;18.27
Cotton;Balochistan;54.12;9.59
Cotton;Balochistan;85.5;15.17
Cotton;Balochistan;86.74;15.42
Cotton;Balochistan;77.35;11.72
Cotton;Balochistan;102.3;18.45
Cotton;Balochistan;98.35;17.62
Cotton;Balochistan;94.89;16.96
Cotton;Balochistan;101.81;18.22
Cotton;Balochistan;92.91;16.6
Cotton;Balochistan;90.94;16.18
Cotton;Balochistan;87.72;15.7
Cotton;Balochistan;90.94;16.31
Cotton;Balochistan;93.9;16.79
Sugarcane;Punjab;330;3909
Sugarcane;Punjab;357;5360
Sugarcane;Punjab;420;6308
Sugarcane;Punjab;371;4270
Sugarcane;Punjab;353;4000
Sugarcane;Punjab;477;5467
Sugarcane;Punjab;567;6923
Sugarcane;Punjab;602;6849
Sugarcane;Punjab;556;6223
Sugarcane;Punjab;605;6662
Sugarcane;Punjab;786;8243
Sugarcane;Punjab;825;9049
Sugarcane;Punjab;769;7731
Sugarcane;Punjab;746;8687
Sugarcane;Punjab;872;10960
Sugarcane;Punjab;997;13266
Sugarcane;Punjab;888;11572
Sugarcane;Punjab;885;12539
Sugarcane;Punjab;1093;15707
Sugarcane;Punjab;1181;15443
Sugarcane;Punjab;908;13040
Sugarcane;Punjab;979;15900
Sugarcane;Punjab;1124;19402
Sugarcane;Punjab;1176;16834
Sugarcane;Punjab;965.95;13774.6
Sugarcane;Punjab;907.88;13726.9
Sugarcane;Punjab;1122.13;16617.5
Sugarcane;Punjab;1172.04;14810
Sugarcane;Punjab;1235.06;18267.6
Sugarcane;Punjab;1419.89;21788.3
Sugarcane;Punjab;1499.96;22095.7
Sugarcane;Punjab;1325.99;19343.9
Sugarcane;Punjab;1239.01;19413.5
Sugarcane;Punjab;1476.48;23733
Sugarcane;Punjab;1656.13;25021
Sugarcane;Punjab;1552.59;20882.4
Sugarcane;Punjab;1516.51;22835.9
Sugarcane;Punjab;1547.16;20959
Sugarcane;Punjab;1261.74;16755.1
Sugarcane;Punjab;1203.92;18477.7
Sugarcane;Punjab;1322.78;19406.2
Sugarcane;Punjab;1308.69;19493.7
Sugarcane;Punjab;1238.02;18682.9
Sugarcane;Punjab;1298.81;19633.4
Sugarcane;Punjab;1325;20026.8
Sugarcane;Punjab;1324.76;20044.8
Sugarcane;Punjab;1473.27;24510.8
Sugarcane;Punjab;1622.77;28268
Sugarcane;Punjab;1496.5;26880
Sugarcane;Punjab;1493.04;24010.2
Sugarcane;Punjab;1693.44;32110.6
Sugarcane;Punjab;1928.2;33382.8
Sugarcane;Punjab;1660.83;27081.3
Sugarcane;Punjab;1520.96;26740
Sugarcane;Punjab;1623.02;31803.1
Sugarcane;Punjab;1817;33168.6
Sugarcane;Punjab;1752.01;34023
Sugarcane;Punjab;1593.12;33048
Sugarcane;Punjab;1544.93;28968.6
Sugarcane;Punjab;1758.93;37542
Sugarcane;Punjab;2044.09;40306
Sugarcane;Punjab;1646.99;32294.7
Sugarcane;Punjab;1500.95;31324
Sugarcane;Punjab;1661.07;37481
Sugarcane;Punjab;1881;42893
Sugarcane;Punjab;1897.06;42982
Sugarcane;Punjab;1870.13;43704
Sugarcane;Punjab;1755.96;41074.3
Sugarcane;Punjab;1743.11;41968.2
Sugarcane;Punjab;1922.02;49613
Sugarcane;Punjab;2122.92;55067.5
Sugarcane;Punjab;1755.99;44906.31
Sugarcane;Punjab;1589.91;43346.6
Sugarcane;Sindh;17;192
Sugarcane;Sindh;21;252
Sugarcane;Sindh;20;269
Sugarcane;Sindh;13;227
Sugarcane;Sindh;14;237
Sugarcane;Sindh;18;276
Sugarcane;Sindh;31;524
Sugarcane;Sindh;32;412
Sugarcane;Sindh;32;500
Sugarcane;Sindh;40;607
Sugarcane;Sindh;46;985
Sugarcane;Sindh;51;872
Sugarcane;Sindh;50;820
Sugarcane;Sindh;57;892
Sugarcane;Sindh;75;1182
Sugarcane;Sindh;143;2383
Sugarcane;Sindh;118;1859
Sugarcane;Sindh;163;2674
Sugarcane;Sindh;174;2832
Sugarcane;Sindh;201;2949
Sugarcane;Sindh;149;2362
Sugarcane;Sindh;168;2734
Sugarcane;Sindh;206;3341.8
Sugarcane;Sindh;195.96;3239.2
Sugarcane;Sindh;186.57;2784.8
Sugarcane;Sindh;195.22;2915.1
Sugarcane;Sindh;251.31;3795
Sugarcane;Sindh;258.97;2767.2
Sugarcane;Sindh;260.95;3586.4
Sugarcane;Sindh;293.57;4037
Sugarcane;Sindh;297.27;4260.4
Sugarcane;Sindh;298.51;4373.8
Sugarcane;Sindh;321;4664.4
Sugarcane;Sindh;336.07;5007.3
Sugarcane;Sindh;429.97;7462.7
Sugarcane;Sindh;446.28;7545.7
Sugarcane;Sindh;438.13;7357.1
Sugarcane;Sindh;446.53;7427.9
Sugarcane;Sindh;438.37;7533.2
Sugarcane;Sindh;451.47;7906.1
Sugarcane;Sindh;511.76;9574.8
Sugarcane;Sindh;612.59;13110.5
Sugarcane;Sindh;619.5;12360
Sugarcane;Sindh;625.44;11815.6
Sugarcane;Sindh;630.87;14240.5
Sugarcane;Sindh;612.83;13556.8
Sugarcane;Sindh;656.82;15421
Sugarcane;Sindh;617.03;14310.3
Sugarcane;Sindh;628.65;13737.2
Sugarcane;Sindh;620.74;13110.6
Sugarcane;Sindh;646.44;15999.6
Sugarcane;Sindh;669.17;17050.7
Sugarcane;Sindh;569.84;14290.8
Sugarcane;Sindh;590.1;12049.7
Sugarcane;Sindh;594.79;11416.3
Sugarcane;Sindh;639.03;13797.6
Sugarcane;Sindh;642.24;14611.8
Sugarcane;Sindh;531.04;9357.4
Sugarcane;Sindh;452.71;11243.4
Sugarcane;Sindh;530.55;12529.21
Sugarcane;Sindh;763.08;18793.9
Sugarcane;Sindh;652.12;13304.3
Sugarcane;Sindh;577.99;13505.4
Sugarcane;Sindh;559.46;13766.4
Sugarcane;Sindh;468.77;10788.3
Sugarcane;Sindh;626.92;15966.2
Sugarcane;Sindh;735.4;18362.5
Sugarcane;Sindh;782.6;16613.8
Sugarcane;Sindh;772.96;17984.3
Sugarcane;Sindh;791.99;20208.9
Sugarcane;Sindh;823.62;20611.9
Sugarcane;Sindh;690.67;16691.3
Sugarcane;Sindh;713.65;17233.83
Sugarcane;Khyber Pakhtunkhua;121;1341
Sugarcane;Khyber Pakhtunkhua;109;1225
Sugarcane;Khyber Pakhtunkhua;102;1148
Sugarcane;Khyber Pakhtunkhua;81;922
Sugarcane;Khyber Pakhtunkhua;102;1077
Sugarcane;Khyber Pakhtunkhua;131;1408
Sugarcane;Khyber Pakhtunkhua;124;1368
Sugarcane;Khyber Pakhtunkhua;118;1435
Sugarcane;Khyber Pakhtunkhua;120;1347
Sugarcane;Khyber Pakhtunkhua;143;1537
Sugarcane;Khyber Pakhtunkhua;150;1888
Sugarcane;Khyber Pakhtunkhua;181;2371
Sugarcane;Khyber Pakhtunkhua;161;1943
Sugarcane;Khyber Pakhtunkhua;156;1878
Sugarcane;Khyber Pakhtunkhua;151;1988
Sugarcane;Khyber Pakhtunkhua;172;2499
Sugarcane;Khyber Pakhtunkhua;174;2453
Sugarcane;Khyber Pakhtunkhua;195;3159
Sugarcane;Khyber Pakhtunkhua;209;3417
Sugarcane;Khyber Pakhtunkhua;223;3242
Sugarcane;Khyber Pakhtunkhua;188;2963
Sugarcane;Khyber Pakhtunkhua;189;2990
Sugarcane;Khyber Pakhtunkhua;202;3207.6
Sugarcane;Khyber Pakhtunkhua;200.16;3092.8
Sugarcane;Khyber Pakhtunkhua;212.02;3401.8
Sugarcane;Khyber Pakhtunkhua;214.99;3304
Sugarcane;Khyber Pakhtunkhua;221.9;3497.2
Sugarcane;Khyber Pakhtunkhua;231.54;3663.1
Sugarcane;Khyber Pakhtunkhua;233.02;3690.6
Sugarcane;Khyber Pakhtunkhua;233.02;3695.4
Sugarcane;Khyber Pakhtunkhua;235;3718.8
Sugarcane;Khyber Pakhtunkhua;234.75;3606.1
Sugarcane;Khyber Pakhtunkhua;215.23;3417
Sugarcane;Khyber Pakhtunkhua;223.63;3598
Sugarcane;Khyber Pakhtunkhua;250.08;4057.2
Sugarcane;Khyber Pakhtunkhua;247.85;4017.6
Sugarcane;Khyber Pakhtunkhua;258.72;4065.3
Sugarcane;Khyber Pakhtunkhua;236.98;3722.4
Sugarcane;Khyber Pakhtunkhua;225.86;3553.1
Sugarcane;Khyber Pakhtunkhua;226.35;3518.5
Sugarcane;Khyber Pakhtunkhua;243.9;4020.5
Sugarcane;Khyber Pakhtunkhua;244.39;4349
Sugarcane;Khyber Pakhtunkhua;252.3;4427.3
Sugarcane;Khyber Pakhtunkhua;258.48;4516.1
Sugarcane;Khyber Pakhtunkhua;256.99;4568.9
Sugarcane;Khyber Pakhtunkhua;246.86;4428.4
Sugarcane;Khyber Pakhtunkhua;247.85;4470.1
Sugarcane;Khyber Pakhtunkhua;252.3;4562.2
Sugarcane;Khyber Pakhtunkhua;253.29;4583
Sugarcane;Khyber Pakhtunkhua;267.87;4841.6
Sugarcane;Khyber Pakhtunkhua;268.36;4956.5
Sugarcane;Khyber Pakhtunkhua;255.26;4719.5
Sugarcane;Khyber Pakhtunkhua;262.68;4917.1
Sugarcane;Khyber Pakhtunkhua;261.69;4784.4
Sugarcane;Khyber Pakhtunkhua;250.82;4787.2
Sugarcane;Khyber Pakhtunkhua;259.22;5049
Sugarcane;Khyber Pakhtunkhua;258.97;4745.6
Sugarcane;Khyber Pakhtunkhua;262.93;4816.2
Sugarcane;Khyber Pakhtunkhua;243.65;4439
Sugarcane;Khyber Pakhtunkhua;251.56;4645.1
Sugarcane;Khyber Pakhtunkhua;258.97;4792
Sugarcane;Khyber Pakhtunkhua;242.66;4408.5
Sugarcane;Khyber Pakhtunkhua;249.09;4507.9
Sugarcane;Khyber Pakhtunkhua;218.45;4030.3
Sugarcane;Khyber Pakhtunkhua;261.69;4684.3
Sugarcane;Khyber Pakhtunkhua;263.67;4770.2
Sugarcane;Khyber Pakhtunkhua;290.11;5361.4
Sugarcane;Khyber Pakhtunkhua;278;5107
Sugarcane;Khyber Pakhtunkhua;278.49;5498.3
Sugarcane;Khyber Pakhtunkhua;293.07;5628.7
Sugarcane;Khyber Pakhtunkhua;366.96;6405
Sugarcane;Khyber Pakhtunkhua;274.29;5532
Sugarcane;Khyber Pakhtunkhua;109.4;5754
Sugarcane;Balochistan;0;0
Sugarcane;Balochistan;0;0
Sugarcane;Balochistan;0;0
Sugarcane;Balochistan;0;0
Sugarcane;Balochistan;0;0
Sugarcane;Balochistan;0;0
Sugarcane;Balochistan;0;0
Sugarcane;Balochistan;0;0
Sugarcane;Balochistan;0;0
Sugarcane;Balochistan;0;0
Sugarcane;Balochistan;0;0
Sugarcane;Balochistan;0;0
Sugarcane;Balochistan;0;0
Sugarcane;Balochistan;0;0
Sugarcane;Balochistan;0;0
Sugarcane;Balochistan;0;0
Sugarcane;Balochistan;0;1
Sugarcane;Balochistan;0;1
Sugarcane;Balochistan;0;1
Sugarcane;Balochistan;0;1
Sugarcane;Balochistan;0;0
Sugarcane;Balochistan;0;0
Sugarcane;Balochistan;0.2;1.9
Sugarcane;Balochistan;0.2;1
Sugarcane;Balochistan;0.25;1.9
Sugarcane;Balochistan;0.25;1.5
Sugarcane;Balochistan;0.2;0.8
Sugarcane;Balochistan;0.25;1.6
Sugarcane;Balochistan;0.25;2.1
Sugarcane;Balochistan;0.25;2.3
Sugarcane;Balochistan;0.25;1.7
Sugarcane;Balochistan;0.25;1.7
Sugarcane;Balochistan;0.25;2.8
Sugarcane;Balochistan;1.73;21.1
Sugarcane;Balochistan;3.21;38.8
Sugarcane;Balochistan;6.18;87.8
Sugarcane;Balochistan;1.98;29
Sugarcane;Balochistan;2.22;30.3
Sugarcane;Balochistan;0.99;14.9
Sugarcane;Balochistan;1.24;23.5
Sugarcane;Balochistan;1.24;27.3
Sugarcane;Balochistan;1.24;22.5
Sugarcane;Balochistan;1.24;23.4
Sugarcane;Balochistan;1.24;23.6
Sugarcane;Balochistan;1.48;28.7
Sugarcane;Balochistan;1.48;28.9
Sugarcane;Balochistan;1.24;25.1
Sugarcane;Balochistan;1.24;27.9
Sugarcane;Balochistan;1.48;29.5
Sugarcane;Balochistan;1.73;36
Sugarcane;Balochistan;1.73;37.5
Sugarcane;Balochistan;1.73;38.1
Sugarcane;Balochistan;1.98;43.4
Sugarcane;Balochistan;1.48;32.2
Sugarcane;Balochistan;1.73;35
Sugarcane;Balochistan;1.98;40.6
Sugarcane;Balochistan;1.98;38.8
Sugarcane;Balochistan;0.99;22.5
Sugarcane;Balochistan;0.74;14.5
Sugarcane;Balochistan;1.24;25.3
Sugarcane;Balochistan;1.24;28.1
Sugarcane;Balochistan;1.98;37.9
Sugarcane;Balochistan;1.73;35.6
Sugarcane;Balochistan;1.48;30.8
Sugarcane;Balochistan;1.73;30.8
Sugarcane;Balochistan;1.73;31.5
Sugarcane;Balochistan;1.73;32.2
Sugarcane;Balochistan;1.73;31.6
Sugarcane;Balochistan;1.73;31.7
Sugarcane;Balochistan;1.73;31.6
Sugarcane;Balochistan;2.22;43.4
Sugarcane;Balochistan;2.22;44.3
Sugarcane;Balochistan;22.24;45.2
